Condition,Pre-sleep,Trial1,Post-Trial1,Trial2,Post-Trial2,Trial3,Post-Trial3,Trial4,Post-Trial4,Trial5,PT5_part1,PT5_part2,PT5_part3,PT5_part4
OD,0.11331762485916495,0.12632402171032944,0.12192141359203047,0.14666946296183572,0.1176554846059526,0.11952377268252762,0.12372192076523349,0.125719625168226,0.12565502057377348,0.1569594699038455,0.13160518367425206,0.12577097634749326,0.11456725627960156,0.12893121944831437,
OR,0.07122294593793131,0.10092737621826543,0.10141823395604295,0.10439365309386407,0.08601744230875412,0.12055879428929804,0.07983709496483081,0.09366789240045358,0.08170967351905205,0.10043096935814629,0.07895234979999262,0.0781146368033822,0.0802901985931726,0.08385783471646517,
HC,0.13001016998269563,0.11300544081956337,0.1114734338016171,0.1165262937036615,0.10482626427419933,0.11835556925880336,0.11465670335271083,0.11715327173100659,0.09834309614431218,0.1281776591646019,0.09649246705839214,0.10295505255117636,0.11935494714089177,0.1060241154806194,
CON,0.11743879438572852,0.14975793959458297,0.12571426597271726,0.14490044080794792,0.11718673485220127,0.1305771238928581,0.11600905237665216,0.16200985902174675,0.11428057736267072,0.133858847208858,0.11552578882980587,0.10362747943877396,0.10562393000912017,0.10186977178591262,
