Condition,Pre-sleep,Trial1,Post-Trial1,Trial2,Post-Trial2,Trial3,Post-Trial3,Trial4,Post-Trial4,Trial5,PT5_part1,PT5_part2,PT5_part3,PT5_part4
OD,0,0,0,0,0,0,0,0,0,0,0,0,0,0,
OR,0.11745353399398037,0.09715828173620912,0.10524911399569194,0.18022716430959143,0.09864063276339272,0.10813102949189406,0.10496118924029214,0.10759014317855076,0.08123968250758842,0.11182121315378431,0.07283301890155536,0.08326115934760406,0.07911996621083753,0.07682546132727944,
HC,0.06687000932705876,0.09784733648595638,0.09018284495804552,0.09807051865948503,0.07319548819047499,0.0838254945503518,0.09196988906791444,0.07725747927565217,0.08206922104898164,0.08119283372568625,0.09093925439128019,0.07952619764357678,0.07767210656217248,0.07563492691298151,
CON,0.08700709660875058,0.11599297947614007,0.10246395235462173,0.11824610402604643,0.11838090365327318,0.09734559050189241,0.10610675918826604,0.10275615577803661,0.08176737224403494,0.07703785778197952,0.09547475273600053,0.10371299615657639,0.10355001075485193,0.09860085280373836,
